method,split,query_id,n_input,n_output,input_tokens,output_tokens,compression_ratio,reduction_pct,recall,precision,f1,ndcg,latency_ms
NoCompression,synthetic_g1,syn-0,80,80,985,985,1.0,0.0,1.0,0.0625,0.11764705882352941,0.32460757327287093,0.0027459973352961242
Random,synthetic_g1,syn-0,80,5,985,76,12.960526315789474,92.28426395939087,0.2,0.2,0.20000000000000004,0.3391602052736161,0.03830299829132855
TopKImportance,synthetic_g1,syn-0,80,5,985,55,17.90909090909091,94.41624365482232,0.0,0.0,0.0,0.0,0.024426997697446495
BM25,synthetic_g1,syn-0,80,5,985,160,6.15625,83.75634517766497,1.0,1.0,1.0,1.0,0.785767006163951
DenseTopK,synthetic_g1,syn-0,80,5,985,55,17.90909090909091,94.41624365482232,0.0,0.0,0.0,0.0,0.46052400284679607
SelectiveContext,synthetic_g1,syn-0,80,5,985,160,6.15625,83.75634517766497,1.0,1.0,1.0,1.0,0.5072610001661815
LLMLingua,synthetic_g1,syn-0,80,5,985,160,6.15625,83.75634517766497,1.0,1.0,1.0,1.0,0.4323489993112162
FCNP,synthetic_g1,syn-0,80,5,985,55,17.90909090909091,94.41624365482232,0.0,0.0,0.0,0.0,21.142088997294195
FCNP-Hybrid,synthetic_g1,syn-0,80,21,985,252,3.9087301587301586,74.41624365482234,0.2,0.047619047619047616,0.07692307692307693,0.10209739512291163,19.121397999697365
NoCompression,synthetic_g1,syn-1,80,80,985,985,1.0,0.0,1.0,0.0625,0.11764705882352941,0.303170738255395,0.0024719993234612048
Random,synthetic_g1,syn-1,80,5,985,55,17.90909090909091,94.41624365482232,0.0,0.0,0.0,0.0,0.05510099435923621
TopKImportance,synthetic_g1,syn-1,80,5,985,55,17.90909090909091,94.41624365482232,0.0,0.0,0.0,0.0,0.015521996829193085
BM25,synthetic_g1,syn-1,80,5,985,160,6.15625,83.75634517766497,1.0,1.0,1.0,1.0,0.5355440007406287
DenseTopK,synthetic_g1,syn-1,80,5,985,76,12.960526315789474,92.28426395939087,0.2,0.2,0.20000000000000004,0.3391602052736161,0.18606500088935718
SelectiveContext,synthetic_g1,syn-1,80,5,985,160,6.15625,83.75634517766497,1.0,1.0,1.0,1.0,0.4663259969674982
LLMLingua,synthetic_g1,syn-1,80,5,985,160,6.15625,83.75634517766497,1.0,1.0,1.0,1.0,0.4073309974046424
FCNP,synthetic_g1,syn-1,80,5,985,76,12.960526315789474,92.28426395939087,0.2,0.2,0.20000000000000004,0.3391602052736161,17.81871300045168
FCNP-Hybrid,synthetic_g1,syn-1,80,21,985,273,3.608058608058608,72.28426395939087,0.4,0.09523809523809523,0.15384615384615385,0.43081423320194906,19.714801004738547
NoCompression,synthetic_g1,syn-2,80,80,985,985,1.0,0.0,1.0,0.0625,0.11764705882352941,0.28384315856527903,0.002300999767612666
Random,synthetic_g1,syn-2,80,5,985,55,17.90909090909091,94.41624365482232,0.0,0.0,0.0,0.0,0.028299997211433947
TopKImportance,synthetic_g1,syn-2,80,5,985,55,17.90909090909091,94.41624365482232,0.0,0.0,0.0,0.0,0.013286000466905534
BM25,synthetic_g1,syn-2,80,5,985,160,6.15625,83.75634517766497,1.0,1.0,1.0,1.0,0.5503720021806657
DenseTopK,synthetic_g1,syn-2,80,5,985,97,10.154639175257731,90.15228426395939,0.4,0.4,0.4000000000000001,0.5087403079104241,0.20787399989785627
SelectiveContext,synthetic_g1,syn-2,80,5,985,160,6.15625,83.75634517766497,1.0,1.0,1.0,1.0,0.4960670048603788
LLMLingua,synthetic_g1,syn-2,80,5,985,160,6.15625,83.75634517766497,1.0,1.0,1.0,1.0,0.39053999353200197
FCNP,synthetic_g1,syn-2,80,5,985,97,10.154639175257731,90.15228426395939,0.4,0.4,0.4000000000000001,0.5087403079104241,20.435136000742204
FCNP-Hybrid,synthetic_g1,syn-2,80,21,985,273,3.608058608058608,72.28426395939087,0.4,0.09523809523809523,0.15384615384615385,0.5087403079104241,19.109845998173114
NoCompression,synthetic_g1,syn-3,80,80,985,985,1.0,0.0,1.0,0.0625,0.11764705882352941,0.40262458546999913,0.00195399479707703
Random,synthetic_g1,syn-3,80,5,985,55,17.90909090909091,94.41624365482232,0.0,0.0,0.0,0.0,0.06051499804016203
TopKImportance,synthetic_g1,syn-3,80,5,985,55,17.90909090909091,94.41624365482232,0.0,0.0,0.0,0.0,0.015348006854765117
BM25,synthetic_g1,syn-3,80,5,985,160,6.15625,83.75634517766497,1.0,1.0,1.0,1.0,0.6196750036906451
DenseTopK,synthetic_g1,syn-3,80,5,985,55,17.90909090909091,94.41624365482232,0.0,0.0,0.0,0.0,0.2061949999188073
SelectiveContext,synthetic_g1,syn-3,80,5,985,160,6.15625,83.75634517766497,1.0,1.0,1.0,1.0,0.4701629950432107
LLMLingua,synthetic_g1,syn-3,80,5,985,160,6.15625,83.75634517766497,1.0,1.0,1.0,1.0,0.3778300015255809
FCNP,synthetic_g1,syn-3,80,5,985,55,17.90909090909091,94.41624365482232,0.0,0.0,0.0,0.0,20.396954998432193
FCNP-Hybrid,synthetic_g1,syn-3,80,21,985,252,3.9087301587301586,74.41624365482234,0.2,0.047619047619047616,0.07692307692307693,0.1208113026994942,18.99880700511858
NoCompression,synthetic_g1,syn-4,80,80,985,985,1.0,0.0,1.0,0.0625,0.11764705882352941,0.4125133401022299,0.0034100012271665037
Random,synthetic_g1,syn-4,80,5,985,55,17.90909090909091,94.41624365482232,0.0,0.0,0.0,0.0,0.05997400148771703
TopKImportance,synthetic_g1,syn-4,80,5,985,76,12.960526315789474,92.28426395939087,0.2,0.2,0.20000000000000004,0.13120507751234178,0.031212999601848423
BM25,synthetic_g1,syn-4,80,5,985,160,6.15625,83.75634517766497,1.0,1.0,1.0,1.0,0.5894249989069067
DenseTopK,synthetic_g1,syn-4,80,5,985,55,17.90909090909091,94.41624365482232,0.0,0.0,0.0,0.0,0.21895600366406143
SelectiveContext,synthetic_g1,syn-4,80,5,985,160,6.15625,83.75634517766497,1.0,1.0,1.0,1.0,0.4674520023399964
LLMLingua,synthetic_g1,syn-4,80,5,985,160,6.15625,83.75634517766497,1.0,1.0,1.0,1.0,0.4080360013176687
FCNP,synthetic_g1,syn-4,80,5,985,55,17.90909090909091,94.41624365482232,0.0,0.0,0.0,0.0,19.60526599577861
FCNP-Hybrid,synthetic_g1,syn-4,80,21,985,252,3.9087301587301586,74.41624365482234,0.2,0.047619047619047616,0.07692307692307693,0.07847428227110642,19.557801002520137
NoCompression,synthetic_g1,syn-5,80,80,985,985,1.0,0.0,1.0,0.0625,0.11764705882352941,0.35096434932559506,0.002035005309153348
Random,synthetic_g1,syn-5,80,5,985,55,17.90909090909091,94.41624365482232,0.0,0.0,0.0,0.0,0.02993399539263919
TopKImportance,synthetic_g1,syn-5,80,5,985,55,17.90909090909091,94.41624365482232,0.0,0.0,0.0,0.0,0.016224999853875488
BM25,synthetic_g1,syn-5,80,5,985,160,6.15625,83.75634517766497,1.0,1.0,1.0,1.0,0.5338999981177039
DenseTopK,synthetic_g1,syn-5,80,5,985,55,17.90909090909091,94.41624365482232,0.0,0.0,0.0,0.0,0.1854049987741746
SelectiveContext,synthetic_g1,syn-5,80,5,985,160,6.15625,83.75634517766497,1.0,1.0,1.0,1.0,0.4359009981271811
LLMLingua,synthetic_g1,syn-5,80,5,985,160,6.15625,83.75634517766497,1.0,1.0,1.0,1.0,0.37866600177949294
FCNP,synthetic_g1,syn-5,80,5,985,55,17.90909090909091,94.41624365482232,0.0,0.0,0.0,0.0,19.280913002148736
FCNP-Hybrid,synthetic_g1,syn-5,80,21,985,252,3.9087301587301586,74.41624365482234,0.2,0.047619047619047616,0.07692307692307693,0.07984133538066794,18.561227996542584
NoCompression,synthetic_g1,syn-6,80,80,985,985,1.0,0.0,1.0,0.0625,0.11764705882352941,0.35763102258454776,0.0017509955796413124
Random,synthetic_g1,syn-6,80,5,985,55,17.90909090909091,94.41624365482232,0.0,0.0,0.0,0.0,0.026866000553127378
TopKImportance,synthetic_g1,syn-6,80,5,985,55,17.90909090909091,94.41624365482232,0.0,0.0,0.0,0.0,0.08082499698502943
BM25,synthetic_g1,syn-6,80,5,985,160,6.15625,83.75634517766497,1.0,1.0,1.0,1.0,0.5285399965941906
DenseTopK,synthetic_g1,syn-6,80,5,985,55,17.90909090909091,94.41624365482232,0.0,0.0,0.0,0.0,0.18563900084700435
SelectiveContext,synthetic_g1,syn-6,80,5,985,160,6.15625,83.75634517766497,1.0,1.0,1.0,1.0,0.43965900113107637
LLMLingua,synthetic_g1,syn-6,80,5,985,160,6.15625,83.75634517766497,1.0,1.0,1.0,1.0,0.4000650005764328
FCNP,synthetic_g1,syn-6,80,5,985,55,17.90909090909091,94.41624365482232,0.0,0.0,0.0,0.0,18.548098996689077
FCNP-Hybrid,synthetic_g1,syn-6,80,21,985,252,3.9087301587301586,74.41624365482234,0.2,0.047619047619047616,0.07692307692307693,0.08681077623592635,19.264633003331255
NoCompression,synthetic_g1,syn-7,80,80,985,985,1.0,0.0,1.0,0.0625,0.11764705882352941,0.42826311539858786,0.0019069993868470192
Random,synthetic_g1,syn-7,80,5,985,55,17.90909090909091,94.41624365482232,0.0,0.0,0.0,0.0,0.02755899913609028
TopKImportance,synthetic_g1,syn-7,80,5,985,55,17.90909090909091,94.41624365482232,0.0,0.0,0.0,0.0,0.01564300328027457
BM25,synthetic_g1,syn-7,80,5,985,160,6.15625,83.75634517766497,1.0,1.0,1.0,1.0,0.5584800019278191
DenseTopK,synthetic_g1,syn-7,80,5,985,55,17.90909090909091,94.41624365482232,0.0,0.0,0.0,0.0,0.20081199909327552
SelectiveContext,synthetic_g1,syn-7,80,5,985,160,6.15625,83.75634517766497,1.0,1.0,1.0,1.0,0.46296099753817543
LLMLingua,synthetic_g1,syn-7,80,5,985,160,6.15625,83.75634517766497,1.0,1.0,1.0,1.0,0.426824000896886
FCNP,synthetic_g1,syn-7,80,5,985,55,17.90909090909091,94.41624365482232,0.0,0.0,0.0,0.0,21.753954999439884
FCNP-Hybrid,synthetic_g1,syn-7,80,21,985,231,4.264069264069264,76.5482233502538,0.0,0.0,0.0,0.0,19.325146000483073
NoCompression,synthetic_g1,syn-8,80,80,985,985,1.0,0.0,1.0,0.0625,0.11764705882352941,0.440824851571624,0.0018739956431090832
Random,synthetic_g1,syn-8,80,5,985,76,12.960526315789474,92.28426395939087,0.2,0.2,0.20000000000000004,0.16958010263680806,0.052773000788874924
TopKImportance,synthetic_g1,syn-8,80,5,985,55,17.90909090909091,94.41624365482232,0.0,0.0,0.0,0.0,0.0317270023515448
BM25,synthetic_g1,syn-8,80,5,985,160,6.15625,83.75634517766497,1.0,1.0,1.0,1.0,0.5483759960043244
DenseTopK,synthetic_g1,syn-8,80,5,985,76,12.960526315789474,92.28426395939087,0.2,0.2,0.20000000000000004,0.3391602052736161,0.22385000193025917
SelectiveContext,synthetic_g1,syn-8,80,5,985,160,6.15625,83.75634517766497,1.0,1.0,1.0,1.0,0.4566160059766844
LLMLingua,synthetic_g1,syn-8,80,5,985,160,6.15625,83.75634517766497,1.0,1.0,1.0,1.0,0.3892379972967319
FCNP,synthetic_g1,syn-8,80,5,985,76,12.960526315789474,92.28426395939087,0.2,0.2,0.20000000000000004,0.21398626473452756,20.185998000670224
FCNP-Hybrid,synthetic_g1,syn-8,80,21,985,252,3.9087301587301586,74.41624365482234,0.2,0.047619047619047616,0.07692307692307693,0.21398626473452756,19.114980001177173
NoCompression,synthetic_g1,syn-9,80,80,985,985,1.0,0.0,1.0,0.0625,0.11764705882352941,0.36867710753566957,0.0017420024960301816
Random,synthetic_g1,syn-9,80,5,985,55,17.90909090909091,94.41624365482232,0.0,0.0,0.0,0.0,0.03760899562621489
TopKImportance,synthetic_g1,syn-9,80,5,985,55,17.90909090909091,94.41624365482232,0.0,0.0,0.0,0.0,0.01526600681245327
BM25,synthetic_g1,syn-9,80,5,985,160,6.15625,83.75634517766497,1.0,1.0,1.0,1.0,0.5480580002767965
DenseTopK,synthetic_g1,syn-9,80,5,985,118,8.347457627118644,88.02030456852792,0.6,0.6,0.6,0.6992148198508501,0.1999340020120144
SelectiveContext,synthetic_g1,syn-9,80,5,985,160,6.15625,83.75634517766497,1.0,1.0,1.0,1.0,0.4488199992920272
LLMLingua,synthetic_g1,syn-9,80,5,985,160,6.15625,83.75634517766497,1.0,1.0,1.0,1.0,0.3945499993278645
FCNP,synthetic_g1,syn-9,80,5,985,118,8.347457627118644,88.02030456852792,0.6,0.6,0.6,0.6992148198508501,18.362495997280348
FCNP-Hybrid,synthetic_g1,syn-9,80,21,985,315,3.126984126984127,68.02030456852792,0.8,0.19047619047619047,0.3076923076923077,0.8013122149737618,18.886421996285208
NoCompression,synthetic_g1,syn-10,80,80,985,985,1.0,0.0,1.0,0.0625,0.11764705882352941,0.35642810958577176,0.0014329998521134257
Random,synthetic_g1,syn-10,80,5,985,55,17.90909090909091,94.41624365482232,0.0,0.0,0.0,0.0,0.042502004362177104
TopKImportance,synthetic_g1,syn-10,80,5,985,55,17.90909090909091,94.41624365482232,0.0,0.0,0.0,0.0,0.014986995665822178
BM25,synthetic_g1,syn-10,80,5,985,160,6.15625,83.75634517766497,1.0,1.0,1.0,1.0,0.6157669995445758
DenseTopK,synthetic_g1,syn-10,80,5,985,55,17.90909090909091,94.41624365482232,0.0,0.0,0.0,0.0,0.4187989979982376
SelectiveContext,synthetic_g1,syn-10,80,5,985,160,6.15625,83.75634517766497,1.0,1.0,1.0,1.0,0.47250199713744223
LLMLingua,synthetic_g1,syn-10,80,5,985,160,6.15625,83.75634517766497,1.0,1.0,1.0,1.0,0.38762799522373825
FCNP,synthetic_g1,syn-10,80,5,985,55,17.90909090909091,94.41624365482232,0.0,0.0,0.0,0.0,19.626977998996153
FCNP-Hybrid,synthetic_g1,syn-10,80,21,985,231,4.264069264069264,76.5482233502538,0.0,0.0,0.0,0.0,19.30251799785765
NoCompression,synthetic_g1,syn-11,80,80,985,985,1.0,0.0,1.0,0.0625,0.11764705882352941,0.3088045870592176,0.0016120029613375664
Random,synthetic_g1,syn-11,80,5,985,55,17.90909090909091,94.41624365482232,0.0,0.0,0.0,0.0,0.04977500066161156
TopKImportance,synthetic_g1,syn-11,80,5,985,55,17.90909090909091,94.41624365482232,0.0,0.0,0.0,0.0,0.016186997527256608
BM25,synthetic_g1,syn-11,80,5,985,160,6.15625,83.75634517766497,1.0,1.0,1.0,1.0,0.5323410005075857
DenseTopK,synthetic_g1,syn-11,80,5,985,76,12.960526315789474,92.28426395939087,0.2,0.2,0.20000000000000004,0.3391602052736161,0.18193700088886544
SelectiveContext,synthetic_g1,syn-11,80,5,985,160,6.15625,83.75634517766497,1.0,1.0,1.0,1.0,0.4369260059320368
LLMLingua,synthetic_g1,syn-11,80,5,985,160,6.15625,83.75634517766497,1.0,1.0,1.0,1.0,0.39590300002601
FCNP,synthetic_g1,syn-11,80,5,985,76,12.960526315789474,92.28426395939087,0.2,0.2,0.20000000000000004,0.3391602052736161,19.75002799736103
FCNP-Hybrid,synthetic_g1,syn-11,80,21,985,273,3.608058608058608,72.28426395939087,0.4,0.09523809523809523,0.15384615384615385,0.42597098150954243,20.430361000762787
NoCompression,synthetic_g1,syn-12,80,80,985,985,1.0,0.0,1.0,0.0625,0.11764705882352941,0.3908994827441315,0.0017269994714297354
Random,synthetic_g1,syn-12,80,5,985,55,17.90909090909091,94.41624365482232,0.0,0.0,0.0,0.0,0.02905399742303416
TopKImportance,synthetic_g1,syn-12,80,5,985,55,17.90909090909091,94.41624365482232,0.0,0.0,0.0,0.0,0.01454399898648262
BM25,synthetic_g1,syn-12,80,5,985,160,6.15625,83.75634517766497,1.0,1.0,1.0,1.0,0.5318359981174581
DenseTopK,synthetic_g1,syn-12,80,5,985,76,12.960526315789474,92.28426395939087,0.2,0.2,0.20000000000000004,0.16958010263680806,0.1862540011643432
SelectiveContext,synthetic_g1,syn-12,80,5,985,160,6.15625,83.75634517766497,1.0,1.0,1.0,1.0,0.43838800047524273
LLMLingua,synthetic_g1,syn-12,80,5,985,160,6.15625,83.75634517766497,1.0,1.0,1.0,1.0,0.38620199484284967
FCNP,synthetic_g1,syn-12,80,5,985,76,12.960526315789474,92.28426395939087,0.2,0.2,0.20000000000000004,0.13120507751234178,18.74122900335351
FCNP-Hybrid,synthetic_g1,syn-12,80,21,985,252,3.9087301587301586,74.41624365482234,0.2,0.047619047619047616,0.07692307692307693,0.13120507751234178,18.4396589975222
NoCompression,synthetic_g1,syn-13,80,80,985,985,1.0,0.0,1.0,0.0625,0.11764705882352941,0.44883872205470926,0.0019140061340294778
Random,synthetic_g1,syn-13,80,5,985,55,17.90909090909091,94.41624365482232,0.0,0.0,0.0,0.0,0.0279039959423244
TopKImportance,synthetic_g1,syn-13,80,5,985,76,12.960526315789474,92.28426395939087,0.2,0.2,0.20000000000000004,0.21398626473452756,0.01417399471392855
BM25,synthetic_g1,syn-13,80,5,985,160,6.15625,83.75634517766497,1.0,1.0,1.0,1.0,0.5002959951525554
DenseTopK,synthetic_g1,syn-13,80,5,985,76,12.960526315789474,92.28426395939087,0.2,0.2,0.20000000000000004,0.3391602052736161,0.18818100215867162
SelectiveContext,synthetic_g1,syn-13,80,5,985,160,6.15625,83.75634517766497,1.0,1.0,1.0,1.0,0.4332650059950538
LLMLingua,synthetic_g1,syn-13,80,5,985,160,6.15625,83.75634517766497,1.0,1.0,1.0,1.0,0.3856819967040792
FCNP,synthetic_g1,syn-13,80,5,985,76,12.960526315789474,92.28426395939087,0.2,0.2,0.20000000000000004,0.3391602052736161,18.573175999335945
FCNP-Hybrid,synthetic_g1,syn-13,80,21,985,294,3.3503401360544216,70.15228426395939,0.6,0.14285714285714285,0.23076923076923073,0.5502528928628452,19.999144002213143
NoCompression,synthetic_g1,syn-14,80,80,985,985,1.0,0.0,1.0,0.0625,0.11764705882352941,0.4520055691081626,0.0019889994291588664
Random,synthetic_g1,syn-14,80,5,985,55,17.90909090909091,94.41624365482232,0.0,0.0,0.0,0.0,0.0332609997713007
TopKImportance,synthetic_g1,syn-14,80,5,985,76,12.960526315789474,92.28426395939087,0.2,0.2,0.20000000000000004,0.21398626473452756,0.016411999240517616
BM25,synthetic_g1,syn-14,80,5,985,160,6.15625,83.75634517766497,1.0,1.0,1.0,1.0,1.2185300001874566
DenseTopK,synthetic_g1,syn-14,80,5,985,76,12.960526315789474,92.28426395939087,0.2,0.2,0.20000000000000004,0.3391602052736161,0.19248999888077378
SelectiveContext,synthetic_g1,syn-14,80,5,985,160,6.15625,83.75634517766497,1.0,1.0,1.0,1.0,0.44505400001071393
LLMLingua,synthetic_g1,syn-14,80,5,985,160,6.15625,83.75634517766497,1.0,1.0,1.0,1.0,0.3882040036842227
FCNP,synthetic_g1,syn-14,80,5,985,76,12.960526315789474,92.28426395939087,0.2,0.2,0.20000000000000004,0.3391602052736161,17.313472999376245
FCNP-Hybrid,synthetic_g1,syn-14,80,21,985,252,3.9087301587301586,74.41624365482234,0.2,0.047619047619047616,0.07692307692307693,0.3391602052736161,17.000697000185028
NoCompression,synthetic_g1,syn-15,80,80,985,985,1.0,0.0,1.0,0.0625,0.11764705882352941,0.34440361603600284,0.0020129955373704433
Random,synthetic_g1,syn-15,80,5,985,76,12.960526315789474,92.28426395939087,0.2,0.2,0.20000000000000004,0.21398626473452756,0.04752600216306746
TopKImportance,synthetic_g1,syn-15,80,5,985,55,17.90909090909091,94.41624365482232,0.0,0.0,0.0,0.0,0.02659200254129246
BM25,synthetic_g1,syn-15,80,5,985,160,6.15625,83.75634517766497,1.0,1.0,1.0,1.0,0.528782002220396
DenseTopK,synthetic_g1,syn-15,80,5,985,76,12.960526315789474,92.28426395939087,0.2,0.2,0.20000000000000004,0.3391602052736161,0.1807100052246824
SelectiveContext,synthetic_g1,syn-15,80,5,985,160,6.15625,83.75634517766497,1.0,1.0,1.0,1.0,0.4471820066100918
LLMLingua,synthetic_g1,syn-15,80,5,985,160,6.15625,83.75634517766497,1.0,1.0,1.0,1.0,0.3910899977199733
FCNP,synthetic_g1,syn-15,80,5,985,76,12.960526315789474,92.28426395939087,0.2,0.2,0.20000000000000004,0.3391602052736161,19.5731190033257
FCNP-Hybrid,synthetic_g1,syn-15,80,21,985,252,3.9087301587301586,74.41624365482234,0.2,0.047619047619047616,0.07692307692307693,0.3391602052736161,19.602885004132986
NoCompression,synthetic_g1,syn-16,80,80,985,985,1.0,0.0,1.0,0.0625,0.11764705882352941,0.3743294369895751,0.002116001269314438
Random,synthetic_g1,syn-16,80,5,985,55,17.90909090909091,94.41624365482232,0.0,0.0,0.0,0.0,0.028788002964574844
TopKImportance,synthetic_g1,syn-16,80,5,985,55,17.90909090909091,94.41624365482232,0.0,0.0,0.0,0.0,0.014375997125171125
BM25,synthetic_g1,syn-16,80,5,985,160,6.15625,83.75634517766497,1.0,1.0,1.0,1.0,0.5314529989846051
DenseTopK,synthetic_g1,syn-16,80,5,985,76,12.960526315789474,92.28426395939087,0.2,0.2,0.20000000000000004,0.21398626473452756,0.1787450019037351
SelectiveContext,synthetic_g1,syn-16,80,5,985,160,6.15625,83.75634517766497,1.0,1.0,1.0,1.0,0.488974001200404
LLMLingua,synthetic_g1,syn-16,80,5,985,160,6.15625,83.75634517766497,1.0,1.0,1.0,1.0,0.3854509996017441
FCNP,synthetic_g1,syn-16,80,5,985,76,12.960526315789474,92.28426395939087,0.2,0.2,0.20000000000000004,0.14606834984270645,19.85407499887515
FCNP-Hybrid,synthetic_g1,syn-16,80,21,985,252,3.9087301587301586,74.41624365482234,0.2,0.047619047619047616,0.07692307692307693,0.14606834984270645,19.5816970008309
NoCompression,synthetic_g1,syn-17,80,80,985,985,1.0,0.0,1.0,0.0625,0.11764705882352941,0.2868643692516167,0.0014589968486689031
Random,synthetic_g1,syn-17,80,5,985,55,17.90909090909091,94.41624365482232,0.0,0.0,0.0,0.0,0.027027999749407172
TopKImportance,synthetic_g1,syn-17,80,5,985,55,17.90909090909091,94.41624365482232,0.0,0.0,0.0,0.0,0.014334000297822058
BM25,synthetic_g1,syn-17,80,5,985,160,6.15625,83.75634517766497,1.0,1.0,1.0,1.0,0.8898669984773733
DenseTopK,synthetic_g1,syn-17,80,5,985,55,17.90909090909091,94.41624365482232,0.0,0.0,0.0,0.0,0.18338199879508466
SelectiveContext,synthetic_g1,syn-17,80,5,985,160,6.15625,83.75634517766497,1.0,1.0,1.0,1.0,0.4210359984426759
LLMLingua,synthetic_g1,syn-17,80,5,985,160,6.15625,83.75634517766497,1.0,1.0,1.0,1.0,0.3847859989036806
FCNP,synthetic_g1,syn-17,80,5,985,55,17.90909090909091,94.41624365482232,0.0,0.0,0.0,0.0,19.83182099502301
FCNP-Hybrid,synthetic_g1,syn-17,80,21,985,252,3.9087301587301586,74.41624365482234,0.2,0.047619047619047616,0.07692307692307693,0.11305340175787204,38.231200000154786
NoCompression,synthetic_g1,syn-18,80,80,985,985,1.0,0.0,1.0,0.0625,0.11764705882352941,0.3395308578306013,0.0012610034900717437
Random,synthetic_g1,syn-18,80,5,985,55,17.90909090909091,94.41624365482232,0.0,0.0,0.0,0.0,0.03540900070220232
TopKImportance,synthetic_g1,syn-18,80,5,985,55,17.90909090909091,94.41624365482232,0.0,0.0,0.0,0.0,0.015682002413086593
BM25,synthetic_g1,syn-18,80,5,985,160,6.15625,83.75634517766497,1.0,1.0,1.0,1.0,0.5704829964088276
DenseTopK,synthetic_g1,syn-18,80,5,985,76,12.960526315789474,92.28426395939087,0.2,0.2,0.20000000000000004,0.3391602052736161,0.3591579952626489
SelectiveContext,synthetic_g1,syn-18,80,5,985,160,6.15625,83.75634517766497,1.0,1.0,1.0,1.0,0.5839089935761876
LLMLingua,synthetic_g1,syn-18,80,5,985,160,6.15625,83.75634517766497,1.0,1.0,1.0,1.0,0.4283739981474355
FCNP,synthetic_g1,syn-18,80,5,985,76,12.960526315789474,92.28426395939087,0.2,0.2,0.20000000000000004,0.21398626473452756,21.673762996215373
FCNP-Hybrid,synthetic_g1,syn-18,80,21,985,252,3.9087301587301586,74.41624365482234,0.2,0.047619047619047616,0.07692307692307693,0.21398626473452756,19.971319001342636
NoCompression,synthetic_g1,syn-19,80,80,985,985,1.0,0.0,1.0,0.0625,0.11764705882352941,0.5134957910384061,0.0016370031516999006
Random,synthetic_g1,syn-19,80,5,985,55,17.90909090909091,94.41624365482232,0.0,0.0,0.0,0.0,0.04174299829173833
TopKImportance,synthetic_g1,syn-19,80,5,985,97,10.154639175257731,90.15228426395939,0.4,0.4,0.4000000000000001,0.27727342735504823,0.017124999430961907
BM25,synthetic_g1,syn-19,80,5,985,160,6.15625,83.75634517766497,1.0,1.0,1.0,1.0,0.5256599979475141
DenseTopK,synthetic_g1,syn-19,80,5,985,76,12.960526315789474,92.28426395939087,0.2,0.2,0.20000000000000004,0.3391602052736161,0.2157299968530424
SelectiveContext,synthetic_g1,syn-19,80,5,985,160,6.15625,83.75634517766497,1.0,1.0,1.0,1.0,0.4854400031035766
LLMLingua,synthetic_g1,syn-19,80,5,985,160,6.15625,83.75634517766497,1.0,1.0,1.0,1.0,0.38072300230851397
FCNP,synthetic_g1,syn-19,80,5,985,76,12.960526315789474,92.28426395939087,0.2,0.2,0.20000000000000004,0.3391602052736161,20.058273999893572
FCNP-Hybrid,synthetic_g1,syn-19,80,21,985,273,3.608058608058608,72.28426395939087,0.4,0.09523809523809523,0.15384615384615385,0.4412576003965278,18.436124999425374
NoCompression,synthetic_g1,syn-20,80,80,985,985,1.0,0.0,1.0,0.0625,0.11764705882352941,0.49795964847829033,0.002349996066186577
Random,synthetic_g1,syn-20,80,5,985,76,12.960526315789474,92.28426395939087,0.2,0.2,0.20000000000000004,0.21398626473452756,0.04557100328383967
TopKImportance,synthetic_g1,syn-20,80,5,985,76,12.960526315789474,92.28426395939087,0.2,0.2,0.20000000000000004,0.21398626473452756,0.01579600211698562
BM25,synthetic_g1,syn-20,80,5,985,160,6.15625,83.75634517766497,1.0,1.0,1.0,1.0,0.52816400420852
DenseTopK,synthetic_g1,syn-20,80,5,985,55,17.90909090909091,94.41624365482232,0.0,0.0,0.0,0.0,0.1999160012928769
SelectiveContext,synthetic_g1,syn-20,80,5,985,160,6.15625,83.75634517766497,1.0,1.0,1.0,1.0,0.4391229958855547
LLMLingua,synthetic_g1,syn-20,80,5,985,160,6.15625,83.75634517766497,1.0,1.0,1.0,1.0,0.374969000404235
FCNP,synthetic_g1,syn-20,80,5,985,55,17.90909090909091,94.41624365482232,0.0,0.0,0.0,0.0,18.753149000986014
FCNP-Hybrid,synthetic_g1,syn-20,80,21,985,231,4.264069264069264,76.5482233502538,0.0,0.0,0.0,0.0,18.918752000899985
NoCompression,synthetic_g1,syn-21,80,80,985,985,1.0,0.0,1.0,0.0625,0.11764705882352941,0.35686912141959365,0.0017740021576173604
Random,synthetic_g1,syn-21,80,5,985,55,17.90909090909091,94.41624365482232,0.0,0.0,0.0,0.0,0.039026999729685485
TopKImportance,synthetic_g1,syn-21,80,5,985,55,17.90909090909091,94.41624365482232,0.0,0.0,0.0,0.0,0.03200399805791676
BM25,synthetic_g1,syn-21,80,5,985,160,6.15625,83.75634517766497,1.0,1.0,1.0,1.0,0.5431070021586493
DenseTopK,synthetic_g1,syn-21,80,5,985,55,17.90909090909091,94.41624365482232,0.0,0.0,0.0,0.0,0.20703100017271936
SelectiveContext,synthetic_g1,syn-21,80,5,985,160,6.15625,83.75634517766497,1.0,1.0,1.0,1.0,0.4680860001826659
LLMLingua,synthetic_g1,syn-21,80,5,985,160,6.15625,83.75634517766497,1.0,1.0,1.0,1.0,0.3899020011886023
FCNP,synthetic_g1,syn-21,80,5,985,55,17.90909090909091,94.41624365482232,0.0,0.0,0.0,0.0,19.276197999715805
FCNP-Hybrid,synthetic_g1,syn-21,80,21,985,252,3.9087301587301586,74.41624365482234,0.2,0.047619047619047616,0.07692307692307693,0.09803928583135704,19.056593999266624
NoCompression,synthetic_g1,syn-22,80,80,985,985,1.0,0.0,1.0,0.0625,0.11764705882352941,0.48450848031137667,0.001839005562942475
Random,synthetic_g1,syn-22,80,5,985,76,12.960526315789474,92.28426395939087,0.2,0.2,0.20000000000000004,0.16958010263680806,0.028830996598117054
TopKImportance,synthetic_g1,syn-22,80,5,985,76,12.960526315789474,92.28426395939087,0.2,0.2,0.20000000000000004,0.13120507751234178,0.016052996215876192
BM25,synthetic_g1,syn-22,80,5,985,160,6.15625,83.75634517766497,1.0,1.0,1.0,1.0,0.5402750030043535
DenseTopK,synthetic_g1,syn-22,80,5,985,55,17.90909090909091,94.41624365482232,0.0,0.0,0.0,0.0,0.20492500334512442
SelectiveContext,synthetic_g1,syn-22,80,5,985,160,6.15625,83.75634517766497,1.0,1.0,1.0,1.0,0.4671159986173734
LLMLingua,synthetic_g1,syn-22,80,5,985,160,6.15625,83.75634517766497,1.0,1.0,1.0,1.0,0.3722909968928434
FCNP,synthetic_g1,syn-22,80,5,985,55,17.90909090909091,94.41624365482232,0.0,0.0,0.0,0.0,19.333176998770796
FCNP-Hybrid,synthetic_g1,syn-22,80,21,985,252,3.9087301587301586,74.41624365482234,0.2,0.047619047619047616,0.07692307692307693,0.08681077623592635,19.769153994275257
NoCompression,synthetic_g1,syn-23,80,80,985,985,1.0,0.0,1.0,0.0625,0.11764705882352941,0.29544362819803,0.0017850034055300057
Random,synthetic_g1,syn-23,80,5,985,76,12.960526315789474,92.28426395939087,0.2,0.2,0.20000000000000004,0.21398626473452756,0.046572997234761715
TopKImportance,synthetic_g1,syn-23,80,5,985,55,17.90909090909091,94.41624365482232,0.0,0.0,0.0,0.0,0.016766003682278097
BM25,synthetic_g1,syn-23,80,5,985,160,6.15625,83.75634517766497,1.0,1.0,1.0,1.0,0.5102850045659579
DenseTopK,synthetic_g1,syn-23,80,5,985,55,17.90909090909091,94.41624365482232,0.0,0.0,0.0,0.0,0.19420399621594697
SelectiveContext,synthetic_g1,syn-23,80,5,985,160,6.15625,83.75634517766497,1.0,1.0,1.0,1.0,0.44316000276012346
LLMLingua,synthetic_g1,syn-23,80,5,985,160,6.15625,83.75634517766497,1.0,1.0,1.0,1.0,0.3942460025427863
FCNP,synthetic_g1,syn-23,80,5,985,55,17.90909090909091,94.41624365482232,0.0,0.0,0.0,0.0,19.05139700102154
FCNP-Hybrid,synthetic_g1,syn-23,80,21,985,231,4.264069264069264,76.5482233502538,0.0,0.0,0.0,0.0,19.465847995888907
NoCompression,synthetic_g1,syn-24,80,80,985,985,1.0,0.0,1.0,0.0625,0.11764705882352941,0.36682970229969397,0.0015140030882321298
Random,synthetic_g1,syn-24,80,5,985,55,17.90909090909091,94.41624365482232,0.0,0.0,0.0,0.0,0.030532995879184455
TopKImportance,synthetic_g1,syn-24,80,5,985,76,12.960526315789474,92.28426395939087,0.2,0.2,0.20000000000000004,0.13120507751234178,0.01610299659660086
BM25,synthetic_g1,syn-24,80,5,985,160,6.15625,83.75634517766497,1.0,1.0,1.0,1.0,0.6515540007967502
DenseTopK,synthetic_g1,syn-24,80,5,985,97,10.154639175257731,90.15228426395939,0.4,0.4,0.4000000000000001,0.5087403079104241,0.3034999972442165
SelectiveContext,synthetic_g1,syn-24,80,5,985,160,6.15625,83.75634517766497,1.0,1.0,1.0,1.0,0.4591089964378625
LLMLingua,synthetic_g1,syn-24,80,5,985,160,6.15625,83.75634517766497,1.0,1.0,1.0,1.0,0.4138959993724711
FCNP,synthetic_g1,syn-24,80,5,985,97,10.154639175257731,90.15228426395939,0.4,0.4,0.4000000000000001,0.5087403079104241,30.040320998523384
FCNP-Hybrid,synthetic_g1,syn-24,80,21,985,294,3.3503401360544216,70.15228426395939,0.6,0.14285714285714285,0.23076923076923073,0.5900751532988439,19.55299400287913
NoCompression,synthetic_g1,syn-25,80,80,985,985,1.0,0.0,1.0,0.0625,0.11764705882352941,0.2955800696253177,0.0018319988157600164
Random,synthetic_g1,syn-25,80,5,985,76,12.960526315789474,92.28426395939087,0.2,0.2,0.20000000000000004,0.13120507751234178,0.04969400470145047
TopKImportance,synthetic_g1,syn-25,80,5,985,55,17.90909090909091,94.41624365482232,0.0,0.0,0.0,0.0,0.014564997400157154
BM25,synthetic_g1,syn-25,80,5,985,160,6.15625,83.75634517766497,1.0,1.0,1.0,1.0,0.5551029971684329
DenseTopK,synthetic_g1,syn-25,80,5,985,76,12.960526315789474,92.28426395939087,0.2,0.2,0.20000000000000004,0.13120507751234178,0.18537099822424352
SelectiveContext,synthetic_g1,syn-25,80,5,985,160,6.15625,83.75634517766497,1.0,1.0,1.0,1.0,0.43773400102509186
LLMLingua,synthetic_g1,syn-25,80,5,985,160,6.15625,83.75634517766497,1.0,1.0,1.0,1.0,0.4146980063524097
FCNP,synthetic_g1,syn-25,80,5,985,55,17.90909090909091,94.41624365482232,0.0,0.0,0.0,0.0,27.542556999833323
FCNP-Hybrid,synthetic_g1,syn-25,80,21,985,252,3.9087301587301586,74.41624365482234,0.2,0.047619047619047616,0.07692307692307693,0.1208113026994942,19.62268699571723
NoCompression,synthetic_g1,syn-26,80,80,985,985,1.0,0.0,1.0,0.0625,0.11764705882352941,0.3193396007677799,0.001748994691297412
Random,synthetic_g1,syn-26,80,5,985,55,17.90909090909091,94.41624365482232,0.0,0.0,0.0,0.0,0.028891998226754367
TopKImportance,synthetic_g1,syn-26,80,5,985,55,17.90909090909091,94.41624365482232,0.0,0.0,0.0,0.0,0.015356003132183105
BM25,synthetic_g1,syn-26,80,5,985,160,6.15625,83.75634517766497,1.0,1.0,1.0,1.0,0.5547089967876673
DenseTopK,synthetic_g1,syn-26,80,5,985,76,12.960526315789474,92.28426395939087,0.2,0.2,0.20000000000000004,0.16958010263680806,0.1952579987118952
SelectiveContext,synthetic_g1,syn-26,80,5,985,160,6.15625,83.75634517766497,1.0,1.0,1.0,1.0,0.4531999948085286
LLMLingua,synthetic_g1,syn-26,80,5,985,160,6.15625,83.75634517766497,1.0,1.0,1.0,1.0,0.3910849991370924
FCNP,synthetic_g1,syn-26,80,5,985,55,17.90909090909091,94.41624365482232,0.0,0.0,0.0,0.0,20.169226001598872
FCNP-Hybrid,synthetic_g1,syn-26,80,21,985,252,3.9087301587301586,74.41624365482234,0.2,0.047619047619047616,0.07692307692307693,0.11305340175787204,18.78596000460675
NoCompression,synthetic_g1,syn-27,80,80,985,985,1.0,0.0,1.0,0.0625,0.11764705882352941,0.5303138655444137,0.001887994585558772
Random,synthetic_g1,syn-27,80,5,985,55,17.90909090909091,94.41624365482232,0.0,0.0,0.0,0.0,0.026684996555559337
TopKImportance,synthetic_g1,syn-27,80,5,985,76,12.960526315789474,92.28426395939087,0.2,0.2,0.20000000000000004,0.21398626473452756,0.014140001439955086
BM25,synthetic_g1,syn-27,80,5,985,160,6.15625,83.75634517766497,1.0,1.0,1.0,1.0,0.517465996381361
DenseTopK,synthetic_g1,syn-27,80,5,985,55,17.90909090909091,94.41624365482232,0.0,0.0,0.0,0.0,0.19080899801338091
SelectiveContext,synthetic_g1,syn-27,80,5,985,160,6.15625,83.75634517766497,1.0,1.0,1.0,1.0,0.44118499499745667
LLMLingua,synthetic_g1,syn-27,80,5,985,160,6.15625,83.75634517766497,1.0,1.0,1.0,1.0,0.43527199886739254
FCNP,synthetic_g1,syn-27,80,5,985,55,17.90909090909091,94.41624365482232,0.0,0.0,0.0,0.0,19.51307999843266
FCNP-Hybrid,synthetic_g1,syn-27,80,21,985,231,4.264069264069264,76.5482233502538,0.0,0.0,0.0,0.0,19.78713799326215
NoCompression,synthetic_g1,syn-28,80,80,985,985,1.0,0.0,1.0,0.0625,0.11764705882352941,0.4697058388125219,0.0017290003597736359
Random,synthetic_g1,syn-28,80,5,985,55,17.90909090909091,94.41624365482232,0.0,0.0,0.0,0.0,0.02962599683087319
TopKImportance,synthetic_g1,syn-28,80,5,985,76,12.960526315789474,92.28426395939087,0.2,0.2,0.20000000000000004,0.21398626473452756,0.016159996448550373
BM25,synthetic_g1,syn-28,80,5,985,160,6.15625,83.75634517766497,1.0,1.0,1.0,1.0,0.5615480040432885
DenseTopK,synthetic_g1,syn-28,80,5,985,55,17.90909090909091,94.41624365482232,0.0,0.0,0.0,0.0,0.18662500224309042
SelectiveContext,synthetic_g1,syn-28,80,5,985,160,6.15625,83.75634517766497,1.0,1.0,1.0,1.0,0.43812699732370675
LLMLingua,synthetic_g1,syn-28,80,5,985,160,6.15625,83.75634517766497,1.0,1.0,1.0,1.0,0.38783399941166863
FCNP,synthetic_g1,syn-28,80,5,985,55,17.90909090909091,94.41624365482232,0.0,0.0,0.0,0.0,18.793887000356335
FCNP-Hybrid,synthetic_g1,syn-28,80,21,985,231,4.264069264069264,76.5482233502538,0.0,0.0,0.0,0.0,18.598474001919385
NoCompression,synthetic_g1,syn-29,80,80,985,985,1.0,0.0,1.0,0.0625,0.11764705882352941,0.2937439450715378,0.0017049969756044447
Random,synthetic_g1,syn-29,80,5,985,76,12.960526315789474,92.28426395939087,0.2,0.2,0.20000000000000004,0.3391602052736161,0.027681002393364906
TopKImportance,synthetic_g1,syn-29,80,5,985,55,17.90909090909091,94.41624365482232,0.0,0.0,0.0,0.0,0.01660799898672849
BM25,synthetic_g1,syn-29,80,5,985,160,6.15625,83.75634517766497,1.0,1.0,1.0,1.0,0.5101279966766015
DenseTopK,synthetic_g1,syn-29,80,5,985,55,17.90909090909091,94.41624365482232,0.0,0.0,0.0,0.0,0.18427699978929013
SelectiveContext,synthetic_g1,syn-29,80,5,985,160,6.15625,83.75634517766497,1.0,1.0,1.0,1.0,0.451036001322791
LLMLingua,synthetic_g1,syn-29,80,5,985,160,6.15625,83.75634517766497,1.0,1.0,1.0,1.0,0.3965819996665232
FCNP,synthetic_g1,syn-29,80,5,985,55,17.90909090909091,94.41624365482232,0.0,0.0,0.0,0.0,20.05191900389036
FCNP-Hybrid,synthetic_g1,syn-29,80,21,985,231,4.264069264069264,76.5482233502538,0.0,0.0,0.0,0.0,20.169843002804555
